{
    "test_accuracy": 0.840241145440844,
    "test_loss": 0.5182112372710531,
    "train_accuracy": 0.974036850921273,
    "train_loss": 0.22250465964110666,
    "val_accuracy": 0.8468106479156203,
    "val_loss": 0.5214510041549577
}