{
    "test_accuracy": 0.8437578497864858,
    "test_loss": 0.47911850610760565,
    "train_accuracy": 0.9711892797319933,
    "train_loss": 0.20841682204333956,
    "val_accuracy": 0.8523355097940734,
    "val_loss": 0.4810774850793321
}