{
    "test_accuracy": 0.8540567696558654,
    "test_loss": 0.4689101309927741,
    "train_accuracy": 0.9748743718592965,
    "train_loss": 0.2021945831922025,
    "val_accuracy": 0.8593671521848317,
    "val_loss": 0.4685050278594731
}