{
    "test_accuracy": 0.8535543833207737,
    "test_loss": 0.4670114359035629,
    "train_accuracy": 0.9747068676716918,
    "train_loss": 0.1983884953219799,
    "val_accuracy": 0.8573581115017579,
    "val_loss": 0.468392464445482
}