{
    "test_accuracy": 0.8515448379804069,
    "test_loss": 0.469998135940747,
    "train_accuracy": 0.9743718592964824,
    "train_loss": 0.203119041898539,
    "val_accuracy": 0.8573581115017579,
    "val_loss": 0.4716643285425403
}